District,College,Programs
"Khairpur","Govt: Degree College Thari Mirwah","ADS, ADA"
"Khairpur","Govt: Degree College Bozdar Wada","ADA, ADS"
"Khairpur","Govt: Degree College Karoondi","ADS, ADA"
"Khairpur","Govt: Girls Degree College Ranipur","ADS, ADC"
"Khairpur","Govt: Sachal Sarmast Degree College Ranipur","ADS, ADA, ADC"
"Khairpur","Govt: Degree Science College Gambat","ADS, BS Computer Science"
"Khairpur","Govt: Girls Degree College Gambat","ADS"
"Khairpur","Govt: Mumtaz Degree College Khairpur","ADC, ADA"
"Khairpur","Govt: Superior Science College Khairpur","ADS"
"Khairpur","Govt: Degree College for Women Khairpur","ADS, ADA, ADC, ADS (Home Economics)"
"Khairpur","Govt: Pakistan Degree College Khairpur","ADC, ADA"
"Khairpur","Govt: Boys Degree College Pir Jo Goth","ADS, ADA, ADC"
"Khairpur","Govt: Makhdoom Abdul Rehman Shaheed Girls Degree College Khuhra","ADS"
"Khairpur","Govt: Girls Degree College Pir Jo Goth","ADS, ADA"
"Khairpur","Govt: Degree College Sobhodero","ADS"
"Sukkur","Govt: Girls Degree College Sukkur","ADS, ADC, BS Information Technology, BBA"
"Sukkur","Govt: Boys Postgraduate Degree College Sukkur","ADS, ADA, MA"
"Sukkur","Govt: Agha Nizamuddin Girls Degree College Sukkur","ADC, ADA"
"Sukkur","Govt: Islamia Arts & Commerce Postgraduate College Sukkur","ADC, ADA, MA"
"Sukkur","Govt: Islamia Science College Sukkur","ADS, BS Computer Science"
"Sukkur","Govt: Atta Hussain Shah Degree College Rohri","ADS, ADA, ADC"
"Sukkur","Govt: Degree College Pano Akil","ADS"
"Sukkur","Govt: Girls Degree College Pano Akil","ADS"
"Sukkur","COMSIT College Sukkur (Private)","BBA, MBA"
"Ghotki","Govt: Degree College Ghotki","ADS, ADA"
"Ghotki","Govt: Degree College Mirpur Mathelo","ADS, ADA"
"Ghotki","Govt: Girls Degree College Dharki","ADS, ADA"
"Ghotki","Govt: Boys Degree College Dharki","ADS, ADA, ADC"
"Ghotki","Govt: Jam Mumtaz Hussain Dahar Degree College Ubauro","ADS, ADA"
"Ghotki","Govt: Girls Degree College Ghotki","ADS, ADA"
"Shikarpur","Govt: C & S Degree College Shikarpur","ADS, ADA"
"Shikarpur","Govt: Shah Latif Degree College Shikarpur","ADC, ADA"
"Shikarpur","Govt: Girls Degree College Shikarpur","ADS, ADA"
"Shikarpur","Govt: Degree College Madeji","ADA"
"Jacobabad","Govt: Girls Degree College Jacobabad","ADS"
"Jacobabad","Govt: Boys Degree College Jacobabad","ADS, ADA"
"Kandhkot","Govt: Degree College Thull","ADS, ADA"
"Kandhkot","Govt: Degree College Kandhkot","ADS, ADA"
"Kandhkot","WAPDA Degree College Guddu Kashmore (Private)","ADS, ADA"
"Kandhkot","Al-Falah Degree College Kashmore (Private)","ADS, ADA"
"Kandhkot","Mishal Degree College Guddu (Private)","ADS, ADA"
"Larkana","Govt: Boys Degree College Larkana","ADS, ADA, BS Computer Science"
"Larkana","Govt: Girls Degree College Larkana","ADS, ADA"
"Larkana","Govt: Arts & Commerce College Larkana","ADC, ADA"
"Larkana","Sachal Sarmast Degree College Larkana (Private)","ADA"
"Larkana","Govt: Mohtarma Shaheed Benazir Bhutto Girls College Nau Dero","ADS"
"Larkana","Govt: Degree College Rato Dero","ADS, ADC, ADA"
"Larkana","Govt: Boys Degree College Nau Dero","ADS, ADA"
"Larkana","Govt: Hyder Bux Jatoi Degree College Dokri","ADS"
"Larkana","Govt: Girls Degree College Badah","ADA, ADS"
"Larkana","Govt: BNB Girls Degree College Larkana","ADA, ADS"
"Larkana","Cossitt College Larkana (Private)","MBA"
"Kamber Shahdad Kot","Govt: Shah Latif Degree College Kamber","ADS, ADA, ADC"
"Kamber Shahdad Kot","Mehran Degree College Kamber (Private)","ADA"
"Kamber Shahdad Kot","Public Arts Degree College Kamber (Private)","ADA"
"Kamber Shahdad Kot","Shah Latif Oriental Degree College Kamber (Private)","ADA"
"Kamber Shahdad Kot","Govt: Degree College Shahdad Kot","ADS, ADA"
"Kamber Shahdad Kot","Govt: Degree College Nasirabad","ADS"
"Kamber Shahdad Kot","Noor Arts Degree College Nasirabad (Private)","ADA"
"Kamber Shahdad Kot","Sindh Arts Degree College Warrah (Private)","ADA"
"Kamber Shahdad Kot","Govt: Composite Degree College Miro Khan","ADS"
"Khairpur","Govt: Elementary College of Education Boys Khairpur","ADE"
"Sukkur","Govt: Elementary College of Education Boys Sukkur","ADE"
"Larkana","Govt: Elementary College of Education Boys Larkana","ADE"
"Larkana","Govt: Elementary College of Education Women Larkana","ADE"
"Shikarpur","Govt: Elementary College of Education Men/Women Shikarpur","ADE"
"Khairpur","Govt: Elementary College of Education Women Khairpur","ADE"
"Sukkur","Govt: Elementary College of Education Women Sukkur","ADE"
"Kandhkot","Govt: Elementary College of Education Men/Women Kandhkot","ADE"
"Jacobabad","Govt: Elementary College of Education Men Jacobabad","ADE"
"Khairpur","Study Centre of SALU Main Campus Khairpur","B.Ed, B.Ed (1.5), B.Ed (2.5), ECE, M.Ed"
"Khairpur","Study Centre of SALU Halani","B.Ed, B.Ed (1.5), B.Ed (2.5), ECE, M.Ed"
"Khairpur","Study Centre of SALU Pacca Chang","B.Ed, B.Ed (1.5), B.Ed (2.5), ECE, M.Ed"
"Naushahro Feroze","Study Centre of SALU Naushahro Feroze","B.Ed, B.Ed (1.5), B.Ed (2.5), ECE, M.Ed"
"Dadu","Study Centre of SALU Dadu","B.Ed, B.Ed (1.5), B.Ed (2.5), ECE, M.Ed"
"Larkana","Study Centre of SALU Larkana","B.Ed, B.Ed (1.5), B.Ed (2.5), ECE, M.Ed"
"Shikarpur","Study Centre of SALU Shikarpur","B.Ed, B.Ed (1.5), B.Ed (2.5), ECE, M.Ed"
"Ghotki","Study Centre of SALU Ghotki","B.Ed, B.Ed (1.5), B.Ed (2.5), ECE, M.Ed"
"Kandhkot","Study Centre of SALU Kandhkot","B.Ed, B.Ed (1.5), B.Ed (2.5), ECE, M.Ed"
"Sukkur","Govt: College of Education Sukkur","B.Ed (Hons)"
"Larkana","Govt: Shaheed Mohtarma Benazir Bhutto College of Education Larkana","B.Ed (Hons)"
"Sukkur","Sindh College of Education Sukkur (Private)","B.Ed (1.5), B.Ed (2.5)"
"Sukkur","Amrat College of Education Sukkur (Private)","B.Ed (1.5), B.Ed (2.5)"
"Ghotki","Amara College of Education Ghotki (Private)","B.Ed (1.5), B.Ed (2.5)"
"Jacobabad","Sindh College of Education Jacobabad (Private)","B.Ed (1.5), B.Ed (2.5), ECE"
"Naushahro Feroze","National College of Education Mehrabpur (Private)","B.Ed (1.5), B.Ed (2.5)"
"Ghotki","Mishal College of Education Daharki (Private)","B.Ed (1.5), B.Ed (2.5)"
"Kandhkot","Al-Falah College of Education Kashmore (Private)","B.Ed (1.5), B.Ed (2.5)"
"Kandhkot","Mishal College of Education Guddu Kashmore (Private)","B.Ed (1.5), B.Ed (2.5)"
"Sukkur","Aghaz Educational College Pano Akil (Private)","B.Ed (1.5), B.Ed (2.5)"
"Naushahro Feroze","Intelligentsia College of Education Moro (Private)","B.Ed (1.5), B.Ed (2.5)"
"Khairpur","Mishal College of Education Gambat (Private)","B.Ed (1.5), B.Ed (2.5)"
"Khairpur","Ever Green College of Education Hingorja (Private)","B.Ed (1.5), B.Ed (2.5)"
"Kamber Shahdad Kot","Readers College of Education Shahdadkot (Private)","B.Ed (1.5), B.Ed (2.5)"
"Sukkur","Indus College of Education Rohri (Private)","B.Ed (1.5), B.Ed (2.5)"
"Kandhkot","Surhan College of Education Thull (Private)","B.Ed (1.5), B.Ed (2.5)"
"Kamber Shahdad Kot","Shah Latif College of Education Kamber (Private)","B.Ed (1.5), B.Ed (2.5)"
"Khairpur","Alma College of Education Ranipur (Private)","B.Ed (1.5), B.Ed (2.5)"
"Dadu","Cambridge College of Education Dadu (Private)","B.Ed (1.5), B.Ed (2.5)"
"Kamber Shahdad Kot","Al-Saleh College of Education Gari Khario (Private)","B.Ed (1.5), B.Ed (2.5)"
"Khairpur","Saad Hassan College of Education Hingorja (Private)","B.Ed (1.5), B.Ed (2.5)"
"Khairpur","Readers College of Education Thari Mirwah (Private)","B.Ed (1.5), B.Ed (2.5)"
"Khairpur","Govt: Law College Khairpur","BA LLB"
"Sukkur","Govt: ABD Law College Sukkur","BA LLB"
"Larkana","Govt: Shaheed Benazir Bhutto Law College Larkana","BA LLB"
"Naushahro Feroze","SALU Constituent Law College Naushahro Feroze","BA LLB"
"Shikarpur","Haji Moula Bakhsh Soomro Law College Shikarpur (Private)","BA LLB"
"Kandhkot","Sardar Noor Muhammad Khan Bejarani Law College Kandhkot (Private)","BA LLB"
"Ghotki","Law College Ghotki (Private)","BA LLB"
"Sukkur","Mirza Khan Law College Pano Akil (Private)","BA LLB"
"Jacobabad","SDK Law College Jacobabad (Private)","BA LLB"
"Sukkur","Govt: Physical College of Education Sukkur","B.P.Ed, D.P.Ed"
"Kandhkot","Mehran Physical College of Education Guddu (Private)","B.P.Ed, D.P.Ed"
"Khairpur","Ever Green Physical College of Education Hingorja (Private)","B.P.Ed"
